ZONE_GEO;IVG_HOSP_INS;IVG_HOSP_MED;IVG_HOSP_INC;IVG_CAB;IVG_CEN;TOT_IVG;TAUX_rec;annee
Ain;375;715;2;591;153;1836;12,86038497;2024
Aisne;313;1193;5;245;13;1769;17,22308224;2024
Allier;149;409;2;419;13;992;17,02536642;2024
Alpes-de-Haute-Provence;110;262;2;158;62;594;20,04251442;2024
Hautes-Alpes;87;114;2;299;48;550;21,82020154;2024
Alpes-Maritimes;683;1088;12;3474;207;5464;24,09107343;2024
Ardèche;173;481;4;251;76;985;16,42953647;2024
Ardennes;101;318;0;381;3;803;16,0020725;2024
Ariège;101;244;1;152;3;501;17,8120667;2024
Aube;214;603;2;255;2;1076;17,36604261;2024
Aude;252;633;1;665;7;1558;22,86133529;2024
Aveyron;93;397;4;211;4;709;14,81466004;2024
Bouches-du-Rhône;1651;3546;14;4858;442;10511;23,23884653;2024
Calvados;446;897;8;553;46;1950;13,32558855;2024
Cantal;45;244;0;53;4;346;14,34970139;2024
Charente;187;360;4;461;5;1017;16,05493725;2024
Charente-Maritime;407;1023;6;468;14;1918;16,06593904;2024
Cher;206;617;3;97;6;929;17,47850464;2024
Corrèze;119;443;4;99;4;669;16,18052532;2024
Corse-du-Sud;93;200;5;234;49;581;16,96201793;2024
Haute-Corse;59;144;1;552;18;774;20,52342694;2024
Côte-d'Or;221;154;423;611;34;1443;12,44598546;2024
Côtes-d'Armor;317;991;3;356;27;1694;15,61074506;2024
Creuse;96;147;0;13;8;264;14,73296501;2024
Dordogne;285;734;5;221;8;1253;18,00054591;2024
Doubs;259;561;2;1028;14;1864;15,86436985;2024
Drôme;320;700;5;456;257;1738;16,94039671;2024
Eure;199;1124;3;660;16;2002;16,61093733;2024
Eure-et-Loir;219;747;2;484;22;1474;17,23573433;2024
Finistère;599;1034;6;650;10;2299;12,92328102;2024
Gard;414;933;18;1923;39;3327;22,40902019;2024
Haute-Garonne;1153;826;12;4045;43;6079;17,02600814;2024
Gers;87;114;1;239;40;481;14,75912857;2024
Gironde;1612;1044;22;3378;303;6359;16,38393915;2024
Hérault;963;1552;14;2400;169;5098;18,7556105;2024
Ille-et-Vilaine;895;1035;4;1028;220;3182;12,52864421;2024
Indre;81;399;2;119;6;607;16,64975176;2024
Indre-et-Loire;770;475;0;426;8;1679;12,83452709;2024
Isère;1201;1137;9;992;571;3910;13,99242047;2024
Jura;100;404;2;170;4;680;14,24859609;2024
Landes;279;392;6;591;12;1280;16,11968869;2024
Loir-et-Cher;311;359;1;163;7;841;14,09323994;2024
Loire;473;967;0;855;11;2306;14,84246774;2024
Haute-Loire;96;261;0;166;8;531;12,94900871;2024
Loire-Atlantique;1629;1457;24;1077;65;4252;12,83405673;2024
Loiret;457;1150;7;743;197;2554;17,98021754;2024
Lot;101;298;1;91;2;493;17,3965207;2024
Lot-et-Garonne;148;450;0;596;5;1199;19,92654269;2024
Lozère;26;80;0;77;2;185;13,70167383;2024
Maine-et-Loire;821;852;3;139;248;2063;11,59842356;2024
Manche;214;543;1;295;4;1057;11,8969903;2024
Marne;378;704;0;717;4;1803;14,92265545;2024
Haute-Marne;48;239;10;108;2;407;13,62525526;2024
Mayenne;214;354;0;92;5;665;11,47877721;2024
Meurthe-et-Moselle;345;1487;5;406;31;2274;14,10845018;2024
Meuse;50;284;0;99;0;433;13,43635574;2024
Morbihan;597;790;3;479;22;1891;13,34537781;2024
Moselle;768;1586;12;628;78;3072;14,22709632;2024
Nièvre;89;171;3;146;148;557;16,62091191;2024
Nord;1694;3911;26;3644;198;9473;15,95957962;2024
Oise;425;1260;9;1004;269;2967;16,72897038;2024
Orne;119;463;12;61;1;656;13,79600421;2024
Pas-de-Calais;807;1762;12;1124;743;4448;14,74937992;2024
Puy-de-Dôme;481;588;0;702;319;2090;15,05243144;2024
Pyrénées-Atlantiques;492;402;3;659;307;1863;13,48348761;2024
Hautes-Pyrénées;151;268;3;168;91;681;16,3383796;2024
Pyrénées-Orientales;387;1010;2;642;11;2052;21,91113816;2024
Bas-Rhin;341;2300;8;428;28;3105;11,93996562;2024
Haut-Rhin;193;1339;5;463;4;2004;13,02440451;2024
Rhône;2062;1719;9;3115;219;7124;15,28260156;2024
Haute-Saône;94;215;6;465;3;783;18,41356442;2024
Saône-et-Loire;346;666;18;306;5;1341;13,9574096;2024
Sarthe;489;875;5;71;32;1472;13,28316053;2024
Savoie;282;338;2;667;55;1344;14,75561021;2024
Haute-Savoie;632;1260;7;1164;19;3082;16,16295108;2024
Paris;2007;1761;54;4664;1321;9807;17,49250856;2024
Seine-Maritime;676;1303;19;1573;244;3815;14,33978718;2024
Seine-et-Marne;925;1995;35;4138;287;7380;21,7359931;2024
Yvelines;868;1437;29;2294;533;5161;15,57652143;2024
Deux-Sèvres;278;467;0;128;2;875;12,57581419;2024
Somme;422;1096;15;367;28;1928;16,23059568;2024
Tarn;234;547;3;383;6;1173;15,94204868;2024
Tarn-et-Garonne;152;300;0;477;0;929;18,08413307;2024
Var;629;1590;17;2629;26;4891;23,60544021;2024
Vaucluse;306;1170;7;782;17;2282;20,3619102;2024
Vendée;393;758;2;410;33;1596;12,16352163;2024
Vienne;172;417;2;595;8;1194;13,01901605;2024
Haute-Vienne;328;799;0;52;8;1187;16,18930715;2024
Vosges;113;531;1;289;3;937;14,640625;2024
Yonne;199;639;12;246;9;1105;18,48475217;2024
Territoire de Belfort;65;224;0;102;34;425;15,17315245;2024
Essonne;1380;1925;30;2250;719;6304;20,66404214;2024
Hauts-de-Seine;1555;1529;40;2814;514;6452;15,65510247;2024
Seine-Saint-Denis;2444;3236;46;3344;871;9941;23,68562756;2024
Val-de-Marne;1417;1658;66;3646;538;7325;21,0638616;2024
Val-d'Oise;1142;1977;35;3325;193;6672;22,01435288;2024
Total métropole;47399;84201;1231;90334;11527;234692;16,74184346;2024
Guadeloupe;342;611;3;2326;94;3376;43,80774421;2024
Martinique;438;785;0;1197;6;2426;35,00974096;2024
Guyane;276;451;6;2626;127;3486;46,48867789;2024
La Réunion;553;1335;34;3589;10;5521;26,89746226;2024
Mayotte;83;1001;0;468;6;1558;18,95561612;2024
total DROM;1692;4183;43;10206;243;16367;32,16797236;2024
France entière résidentes;49091;88384;1274;100540;11770;251059;17,28212958;2024
Résidence inconnue;;;;0;0;0;;2024
résidence à l'étranger;61;145;5;;;211;;2024
Total IVG réalisées en France;49152;88529;1279;100540;11770;251270;17,29665417;2024
Auvergne -  Rhône-Alpes;6289;8819;40;9431;1705;26284;15,01715455;2024
Bourgogne -  Franche-Comté;1373;3034;466;3074;251;8198;15,15165517;2024
Bretagne;2408;3850;16;2513;279;9066;13,29157907;2024
Centre -  Val de Loire;2044;3747;15;2032;246;8084;15,92385545;2024
Corse;152;344;6;786;67;1356;18,84223105;2024
Grand Est;2551;9391;43;3774;155;15914;13,83726218;2024
Hauts-de-France;3661;9222;67;6384;1251;20585;15,90816003;2024
Ile-de-France;11738;15518;335;26475;4976;59042;19,55525879;2024
Normandie;1654;4330;43;3142;311;9480;14,16411548;2024
Nouvelle-Aquitaine;4403;6678;52;7261;684;19079;15,74068421;2024
Occitanie;4114;7202;60;11473;417;23266;18,52139322;2024
Pays de la Loire;3546;4296;34;1789;383;10048;12,41816899;2024
Provence - Alpes - Côte d'Azur;3466;7770;54;12200;802;24292;23,06446314;2024
Ain;351;786;5;630;103;1875;13,19725497;2023
Aisne;307;1152;6;247;20;1732;16,72331222;2023
Allier;131;391;1;450;15;988;16,85891748;2023
Alpes-de-Haute-Provence;114;229;0;198;89;630;21,31474778;2023
Hautes-Alpes;72;68;1;323;45;509;20,00157183;2023
Alpes-Maritimes;684;1094;64;3185;261;5288;23,40475442;2023
Ardèche;177;556;0;227;59;1019;16,96551954;2023
Ardennes;93;281;0;367;1;742;14,63164537;2023
Ariège;85;321;0;134;2;542;19,37998355;2023
Aube;237;576;2;195;12;1022;16,4372105;2023
Aude;226;656;7;555;7;1451;21,20879924;2023
Aveyron;95;394;4;183;1;677;14,08743783;2023
Bouches-du-Rhône;1767;3821;18;4525;382;10513;23,3003985;2023
Calvados;420;974;5;459;62;1920;13,11905543;2023
Cantal;65;225;1;62;8;361;14,88168852;2023
Charente;195;402;6;461;4;1068;16,77083006;2023
Charente-Maritime;435;1050;4;370;12;1871;15,66608055;2023
Cher;204;574;2;107;16;903;16,88829041;2023
Corrèze;129;376;40;83;3;631;15,13915547;2023
Corse-du-Sud;111;263;9;203;38;624;18,43481344;2023
Haute-Corse;72;204;3;361;26;666;17,63817898;2023
Côte-d'Or;222;136;401;559;40;1358;11,68956375;2023
Côtes-d'Armor;285;1073;5;281;18;1662;15,30457203;2023
Creuse;87;143;1;15;1;247;13,67966327;2023
Dordogne;267;816;0;156;7;1246;17,8295461;2023
Doubs;266;556;5;962;19;1808;15,3831755;2023
Drôme;326;685;2;430;288;1731;16,86526301;2023
Eure;187;1110;7;517;19;1840;15,20158625;2023
Eure-et-Loir;205;751;6;498;35;1495;17,43562232;2023
Finistère;620;1091;2;561;16;2290;12,86972355;2023
Gard;406;822;13;1569;34;2844;19,17424018;2023
Haute-Garonne;1201;861;17;3607;98;5784;16,39288508;2023
Gers;85;117;1;193;44;440;13,45277769;2023
Gironde;1618;1209;24;2993;276;6120;15,88855168;2023
Hérault;1004;1685;3;2188;179;5059;18,80082056;2023
Ille-et-Vilaine;859;1060;2;885;216;3022;11,97267915;2023
Indre;70;348;4;83;2;507;13,77343113;2023
Indre-et-Loire;789;498;5;327;12;1631;12,47571405;2023
Isère;1140;1104;7;897;592;3740;13,41424923;2023
Jura;91;417;3;156;2;669;13,93633864;2023
Landes;305;409;5;567;18;1304;16,48712891;2023
Loir-et-Cher;360;370;3;109;7;849;14,15117926;2023
Loire;426;926;0;751;135;2238;14,41415911;2023
Haute-Loire;93;276;0;142;8;519;12,55564157;2023
Loire-Atlantique;1725;1538;24;950;27;4264;12,95910769;2023
Loiret;447;1055;2;693;188;2385;16,77887761;2023
Lot;110;330;5;86;5;536;18,85929418;2023
Lot-et-Garonne;164;430;3;526;8;1131;18,71060599;2023
Lozère;25;54;1;93;2;175;12,91608237;2023
Maine-et-Loire;815;1002;6;192;53;2068;11,6551693;2023
Manche;178;596;4;284;8;1070;11,99040767;2023
Marne;333;715;1;721;7;1777;14,65434064;2023
Haute-Marne;53;238;15;65;0;371;12,29698376;2023
Mayenne;207;294;1;68;4;574;9,848497847;2023
Meurthe-et-Moselle;419;1550;4;266;33;2272;14,0764789;2023
Meuse;46;285;2;96;1;430;13,10456222;2023
Morbihan;627;839;2;430;22;1920;13,54860562;2023
Moselle;828;1507;14;587;60;2996;13,85190117;2023
Nièvre;69;161;4;124;86;444;13,13998224;2023
Nord;1776;4089;23;2850;316;9054;15,24306579;2023
Oise;387;1285;3;842;343;2860;16,06543012;2023
Orne;103;480;1;50;2;636;13,23814083;2023
Pas-de-Calais;827;1733;27;913;642;4142;13,67262932;2023
Puy-de-Dôme;480;599;1;661;183;1924;13,82958842;2023
Pyrénées-Atlantiques;518;406;2;719;317;1962;14,25592362;2023
Hautes-Pyrénées;137;283;6;142;125;693;16,59443021;2023
Pyrénées-Orientales;372;1022;1;653;9;2057;22,03086678;2023
Bas-Rhin;381;2282;17;355;43;3078;11,87509163;2023
Haut-Rhin;213;1414;9;307;6;1949;12,58613007;2023
Rhône;1942;1792;8;2822;309;6873;14,84943156;2023
Haute-Saône;98;173;5;432;10;718;16,71438881;2023
Saône-et-Loire;352;671;14;190;13;1240;12,80899109;2023
Sarthe;541;926;2;74;5;1548;13,88876428;2023
Savoie;297;331;4;664;39;1335;14,69099393;2023
Haute-Savoie;606;1264;32;1058;12;2972;15,66032069;2023
Paris;2042;1783;76;4310;1373;9584;16,93753049;2023
Seine-Maritime;677;1379;8;1494;216;3774;14,14733622;2023
Seine-et-Marne;932;1986;70;3555;253;6796;20,10882913;2023
Yvelines;847;1536;24;2140;556;5103;15,43986832;2023
Deux-Sèvres;255;550;2;104;2;913;13,05703335;2023
Somme;397;1018;2;282;8;1707;14,23698279;2023
Tarn;224;582;4;329;8;1147;15,62436147;2023
Tarn-et-Garonne;125;314;1;473;3;916;17,84357651;2023
Var;677;1649;21;2520;45;4912;23,78669456;2023
Vaucluse;272;1244;9;809;12;2346;20,8921463;2023
Vendée;398;785;8;330;7;1528;11,6697343;2023
Vienne;183;525;0;450;3;1161;12,61394379;2023
Haute-Vienne;297;773;0;39;2;1111;15,09018798;2023
Vosges;97;604;3;239;16;959;14,77225466;2023
Yonne;209;580;9;199;7;1004;16,63601266;2023
Territoire de Belfort;67;239;0;79;41;426;15,13321492;2023
Essonne;1456;2249;54;1887;695;6341;20,87413957;2023
Hauts-de-Seine;1654;1509;53;2491;398;6105;14,86475628;2023
Seine-Saint-Denis;2367;3331;109;2957;1197;9961;23,94684143;2023
Val-de-Marne;1479;1576;71;3013;575;6714;19,34953961;2023
Val-d'Oise;1153;2366;40;2465;212;6236;20,65892564;2023
Total métropole;47766;86778;1501;79849;11739;227633;16,25043342;2023
Guadeloupe;354;662;1;2408;137;3562;45,27601591;2023
Martinique;427;858;1;1013;7;2306;32,78735142;2023
Guyane;259;425;8;2770;233;3695;49,64396077;2023
La Réunion;564;1515;25;3081;13;5198;25,28173227;2023
Mayotte;225;798;3;615;6;1647;20,68887549;2023
total DROM;1829;4258;38;9887;396;16408;32,25819136;2023
France entière résidentes;49595;91036;1539;89736;12135;244041;16,81133351;2023
Résidence inconnue;;;;1;0;1;;2023
résidence à l'étranger;48;128;3;;;179;;2023
Total IVG réalisées en France;49643;91164;1542;89737;12135;244221;16,82373323;2023
Auvergne -  Rhône-Alpes;6034;8935;61;8794;1751;25575;14,65058568;2023
Bourgogne -  Franche-Comté;1374;2933;441;2701;218;7667;14,09991871;2023
Bretagne;2391;4063;11;2157;272;8894;13,06688293;2023
Centre -  Val de Loire;2075;3596;22;1817;260;7770;15,2683756;2023
Corse;183;467;12;564;64;1290;18,01474696;2023
Grand Est;2700;9452;67;3198;179;15596;13,51714431;2023
Hauts-de-France;3694;9277;61;5134;1329;19495;15,01457558;2023
Ile-de-France;11930;16336;497;22818;5259;56840;18,8612128;2023
Normandie;1565;4539;25;2804;307;9240;13,76152938;2023
Nouvelle-Aquitaine;4453;7089;87;6483;653;18765;15,49968199;2023
Occitanie;4095;7441;63;10205;517;22321;17,86772075;2023
Pays de la Loire;3686;4545;41;1614;96;9982;12,36706214;2023
Provence - Alpes - Côte d'Azur;3586;8105;113;11560;834;24198;23,02534234;2023
Ain;370;787;8;616;43;1824;12,88408561;2022
Aisne;287;1058;4;200;4;1553;14,87775904;2022
Allier;163;340;4;380;2;889;15,05707801;2022
Alpes-de-Haute-Provence;107;260;0;168;69;604;20,44339144;2022
Hautes-Alpes;78;95;2;280;41;496;19,24942756;2022
Alpes-Maritimes;774;1155;72;3150;103;5254;23,29726853;2022
Ardèche;146;504;1;208;45;904;14,99568708;2022
Ardennes;86;240;37;338;4;705;13,73037822;2022
Ariège;82;317;1;136;1;537;19,2280149;2022
Aube;271;541;2;173;2;989;15,84504222;2022
Aude;219;710;4;444;7;1384;20,12476189;2022
Aveyron;100;427;2;138;4;671;13,91048365;2022
Bouches-du-Rhône;1696;3954;21;3978;350;9999;22,21718582;2022
Calvados;425;914;11;412;37;1799;12,28984636;2022
Cantal;57;232;0;30;3;322;13,14393012;2022
Charente;229;378;7;492;1;1107;17,26154278;2022
Charente-Maritime;383;1004;2;392;6;1787;14,94622037;2022
Cher;147;544;3;96;20;810;15,05996096;2022
Corrèze;142;418;2;72;2;636;15,16958451;2022
Corse-du-Sud;79;294;3;231;1;608;18,07264729;2022
Haute-Corse;62;381;19;83;42;587;15,50162411;2022
Côte-d'Or;256;124;370;591;42;1383;11,88307671;2022
Côtes-d'Armor;302;1019;2;286;10;1619;14,89036863;2022
Creuse;96;128;0;16;1;241;13,23666722;2022
Dordogne;253;726;2;196;1;1178;16,77178695;2022
Doubs;246;518;7;833;6;1610;13,71660305;2022
Drôme;284;685;6;405;258;1638;15,92548661;2022
Eure;178;1161;7;447;15;1808;14,87417012;2022
Eure-et-Loir;187;708;10;441;25;1371;15,93130135;2022
Finistère;567;1179;0;504;8;2258;12,67528152;2022
Gard;399;966;30;1335;22;2752;18,55322592;2022
Haute-Garonne;1178;959;23;3133;97;5390;15,44749;2022
Gers;100;108;4;175;55;442;13,44404903;2022
Gironde;1473;1207;30;2860;320;5890;15,4107797;2022
Hérault;1074;1706;14;2009;104;4907;18,40267621;2022
Ille-et-Vilaine;923;1084;9;767;191;2974;11,86041874;2022
Indre;86;398;3;69;0;556;14,90496743;2022
Indre-et-Loire;798;530;0;267;3;1598;12,21115051;2022
Isère;1166;1178;5;788;542;3679;13,23652691;2022
Jura;92;356;3;160;0;611;12,62735859;2022
Landes;295;385;3;535;11;1229;15,57095618;2022
Loir-et-Cher;267;439;1;73;5;785;12,99281671;2022
Loire;439;863;4;694;188;2188;14,09194544;2022
Haute-Loire;102;292;2;112;14;522;12,52940329;2022
Loire-Atlantique;1671;1586;13;756;18;4044;12,37817719;2022
Loiret;415;1119;7;568;190;2299;16,14454955;2022
Lot;87;306;2;80;3;478;16,72498251;2022
Lot-et-Garonne;163;358;4;562;2;1089;17,97059357;2022
Lozère;29;102;1;46;0;178;13,01454997;2022
Maine-et-Loire;734;987;7;140;10;1878;10,62962711;2022
Manche;164;587;3;242;3;999;11,12645624;2022
Marne;326;682;6;731;4;1749;14,33101448;2022
Haute-Marne;56;292;11;47;2;408;13,40121531;2022
Mayenne;168;357;3;48;4;580;9,891534211;2022
Meurthe-et-Moselle;401;1547;19;139;36;2142;13,25347424;2022
Meuse;58;253;4;71;0;386;11,62965864;2022
Morbihan;638;905;3;368;12;1926;13,56127924;2022
Moselle;716;1485;12;468;53;2734;12,59547963;2022
Nièvre;80;156;2;95;57;390;11,51631478;2022
Nord;1866;4163;34;2451;90;8604;14,47208187;2022
Oise;359;1181;6;1096;24;2666;14,91860797;2022
Orne;98;449;2;26;2;577;11,870474;2022
Pas-de-Calais;887;1968;12;708;603;4178;13,71788053;2022
Puy-de-Dôme;466;701;3;723;35;1928;13,82921493;2022
Pyrénées-Atlantiques;512;497;1;685;297;1992;14,53017638;2022
Hautes-Pyrénées;107;255;4;110;118;594;14,25554382;2022
Pyrénées-Orientales;406;1111;0;483;11;2011;21,58535931;2022
Bas-Rhin;368;2247;14;254;4;2887;11,14839686;2022
Haut-Rhin;233;1520;7;135;2;1897;12,14787492;2022
Rhône;1974;1827;19;2660;321;6801;14,77046168;2022
Haute-Saône;90;176;4;342;4;616;14,17949957;2022
Saône-et-Loire;306;683;13;167;12;1181;12,08394299;2022
Sarthe;530;792;4;45;5;1376;12,28757936;2022
Savoie;292;336;15;624;23;1290;14,23008615;2022
Haute-Savoie;590;1266;44;1026;11;2937;15,55729768;2022
Paris;2131;1890;51;3993;1145;9210;16,14206419;2022
Seine-Maritime;664;1485;11;1398;151;3709;13,85676979;2022
Seine-et-Marne;915;1921;26;3549;197;6608;19,61657434;2022
Yvelines;760;1527;23;1842;421;4573;13,88243794;2022
Deux-Sèvres;231;487;1;132;1;852;12,12086724;2022
Somme;434;1114;3;167;9;1727;14,29115223;2022
Tarn;241;686;5;237;7;1176;15,99086236;2022
Tarn-et-Garonne;149;355;4;390;1;899;17,537015;2022
Var;734;1727;21;2251;77;4810;23,32686712;2022
Vaucluse;275;1343;19;661;6;2304;20,50004449;2022
Vendée;359;829;3;210;8;1409;10,80861314;2022
Vienne;167;671;2;312;3;1155;12,50514281;2022
Haute-Vienne;359;700;0;34;2;1095;14,7972973;2022
Vosges;94;601;6;232;22;955;14,53798143;2022
Yonne;205;547;10;200;7;969;15,93016374;2022
Territoire de Belfort;70;276;1;59;15;421;14,85008818;2022
Essonne;1351;2069;34;1743;648;5845;19,29584207;2022
Hauts-de-Seine;1676;1518;50;2347;437;6028;14,72621648;2022
Seine-Saint-Denis;2432;3268;57;2738;1078;9573;23,17238775;2022
Val-de-Marne;1583;1624;35;2823;579;6644;19,20142421;2022
Val-d'Oise;1115;2586;29;1986;190;5906;19,65469503;2022
Total métropole;47399;88390;1410;71913;9665;218777;15,62199425;2022
Guadeloupe;351;892;9;2169;79;3500;43,63491292;2022
Martinique;466;802;0;920;9;2197;30,72555382;2022
Guyane;354;600;8;2584;187;3733;50,53130288;2022
La Réunion;556;1436;31;2758;8;4789;23,26575625;2022
Mayotte;246;996;2;448;6;1698;22,08579381;2022
total DROM;1973;4726;50;8879;289;15917;31,31350689;2022
France entière résidentes;49372;93116;1460;80792;9954;234694;16,17159221;2022
Résidence inconnue;;;;0;0;0;;2022
résidence à l'étranger;69;133;4;;;206;;2022
Total IVG réalisées en France;49441;93249;1464;80792;9954;234900;16,18578665;2022
Auvergne -  Rhône-Alpes;6049;9011;111;8266;1485;24922;14,3031039;2022
Bourgogne -  Franche-Comté;1345;2836;410;2447;143;7181;13,14320437;2022
Bretagne;2430;4187;14;1925;221;8777;12,91415186;2022
Centre -  Val de Loire;1900;3738;24;1514;243;7419;14,52347953;2022
Corse;141;675;22;314;43;1195;16,71118321;2022
Grand Est;2609;9408;118;2588;129;14852;12,81524714;2022
Hauts-de-France;3833;9484;59;4622;730;18728;14,37275378;2022
Ile-de-France;11963;16403;305;21021;4695;54387;18,07655389;2022
Normandie;1529;4596;34;2525;208;8892;13,19297621;2022
Nouvelle-Aquitaine;4303;6959;54;6288;647;18251;15,08921994;2022
Occitanie;4171;8008;94;8716;430;21419;17,22327293;2022
Pays de la Loire;3462;4551;30;1199;45;9287;11,54585396;2022
Provence - Alpes - Côte d'Azur;3664;8534;135;10488;646;23467;22,36061894;2022
Ain;329;776;5;459;27;1596;11,40529532;2021
Aisne;261;1096;0;156;4;1517;14,43332318;2021
Allier;162;399;6;304;6;877;14,7909534;2021
Alpes-de-Haute-Provence;98;227;1;188;53;567;19,15346418;2021
Hautes-Alpes;69;110;4;266;51;500;19,42501943;2021
Alpes-Maritimes;723;1240;68;2684;58;4773;21,35494032;2021
Ardèche;133;503;0;219;29;884;14,64691653;2021
Ardennes;76;264;0;317;2;659;12,66187603;2021
Ariège;73;331;1;114;1;520;18,66408241;2021
Aube;254;530;0;119;6;909;14,45564709;2021
Aude;227;726;6;327;4;1290;18,61982362;2021
Aveyron;75;429;2;91;2;599;12,41425048;2021
Bouches-du-Rhône;1733;3966;20;3582;167;9468;21,18357758;2021
Calvados;376;814;11;334;44;1579;10,82018214;2021
Cantal;51;221;2;18;0;292;11,85209238;2021
Charente;177;350;1;359;3;890;13,82459847;2021
Charente-Maritime;338;1035;3;339;4;1719;14,38493724;2021
Cher;164;519;0;85;15;783;14,45156051;2021
Corrèze;147;436;1;47;1;632;15,04260485;2021
Corse-du-Sud;63;275;7;168;12;525;15,98660171;2021
Haute-Corse;42;435;42;37;31;587;15,3031962;2021
Côte-d'Or;299;128;400;482;64;1373;11,82316065;2021
Côtes-d'Armor;271;975;3;200;9;1458;13,40295269;2021
Creuse;92;114;1;15;1;223;12,14530799;2021
Dordogne;234;747;4;99;5;1089;15,55847644;2021
Doubs;201;545;5;766;5;1522;13,01755916;2021
Drôme;268;642;5;310;267;1492;14,40474237;2021
Eure;190;1126;8;283;18;1625;13,31759808;2021
Eure-et-Loir;172;502;2;407;19;1102;12,79119706;2021
Finistère;540;1045;8;443;7;2043;11,48985709;2021
Gard;361;1006;9;1128;10;2514;17,06489275;2021
Haute-Garonne;1183;1022;18;2757;134;5114;14,88111693;2021
Gers;95;154;4;112;52;417;12,54701369;2021
Gironde;1400;1106;34;2524;336;5400;14,29759112;2021
Hérault;1001;1832;11;1697;86;4627;17,6449502;2021
Ille-et-Vilaine;871;1185;5;443;129;2633;10,62511854;2021
Indre;63;359;2;65;2;491;13,07973041;2021
Indre-et-Loire;749;456;4;201;8;1418;10,89646057;2021
Isère;1106;1234;16;576;441;3373;12,164248;2021
Jura;106;364;2;118;3;593;12,15911421;2021
Landes;329;289;4;414;7;1043;13,29272023;2021
Loir-et-Cher;279;369;0;43;2;693;11,42979664;2021
Loire;427;881;3;578;167;2056;13,28706127;2021
Haute-Loire;81;289;0;97;4;471;11,30798041;2021
Loire-Atlantique;1684;1578;3;522;12;3799;11,74386685;2021
Loiret;418;984;4;508;185;2099;14,75571178;2021
Lot;96;298;0;71;1;466;16,30453798;2021
Lot-et-Garonne;149;415;1;382;4;951;15,74399046;2021
Lozère;30;110;2;40;0;182;13,18458418;2021
Maine-et-Loire;735;908;18;101;6;1768;10,0648981;2021
Manche;168;517;0;192;7;884;9,819058303;2021
Marne;352;678;2;521;5;1558;12,72449588;2021
Haute-Marne;60;309;13;34;3;419;13,61804472;2021
Mayenne;141;340;1;35;3;520;8,848202284;2021
Meurthe-et-Moselle;369;1371;4;136;53;1933;11,92922691;2021
Meuse;43;247;2;57;0;349;10,38845066;2021
Morbihan;625;847;6;287;10;1775;12,52363616;2021
Moselle;689;1484;34;365;27;2599;11,95299745;2021
Nièvre;70;179;1;94;65;409;12,0748701;2021
Nord;1882;4077;35;1903;30;7927;13,35888154;2021
Oise;348;1194;7;825;15;2389;13,34361054;2021
Orne;86;394;2;19;2;503;10,25546924;2021
Pas-de-Calais;794;1949;11;505;604;3863;12,60260208;2021
Puy-de-Dôme;433;677;3;628;10;1751;12,54900274;2021
Pyrénées-Atlantiques;453;403;2;626;270;1754;12,8577293;2021
Hautes-Pyrénées;104;231;9;71;113;528;12,65458729;2021
Pyrénées-Orientales;339;1126;1;365;7;1838;19,80304695;2021
Bas-Rhin;362;2094;4;214;3;2677;10,36989979;2021
Haut-Rhin;243;1409;2;114;3;1771;11,26497173;2021
Rhône;1919;1873;14;1990;398;6194;13,579462;2021
Haute-Saône;74;195;4;302;2;577;13,13961697;2021
Saône-et-Loire;302;674;14;143;6;1139;11,56709218;2021
Sarthe;457;787;3;38;3;1288;11,44136301;2021
Savoie;254;396;0;581;15;1246;13,77922279;2021
Haute-Savoie;529;1244;38;791;7;2609;13,94426569;2021
Paris;1923;2029;83;3665;1027;8727;15,21546967;2021
Seine-Maritime;653;1513;11;1099;105;3381;12,63726817;2021
Seine-et-Marne;883;1962;11;3231;145;6232;18,68957079;2021
Yvelines;738;1859;30;1492;346;4465;13,72423057;2021
Deux-Sèvres;213;445;2;101;1;762;10,83248038;2021
Somme;382;937;1;147;4;1471;12,06756524;2021
Tarn;218;675;2;201;2;1098;14,92760519;2021
Tarn-et-Garonne;145;376;5;295;4;825;16,09002613;2021
Var;668;1631;8;2018;153;4478;21,84496805;2021
Vaucluse;258;1277;12;571;8;2126;18,96707081;2021
Vendée;380;741;3;178;3;1305;10,02712318;2021
Vienne;155;534;3;310;4;1006;10,79897378;2021
Haute-Vienne;302;708;3;38;5;1056;14,23756236;2021
Vosges;114;573;2;108;21;818;12,3077849;2021
Yonne;313;325;9;224;5;876;14,25943711;2021
Territoire de Belfort;65;275;0;52;14;406;14,36049802;2021
Essonne;1278;1937;20;1586;636;5457;18,17443057;2021
Hauts-de-Seine;1567;1675;45;1909;330;5526;13,63421037;2021
Seine-Saint-Denis;2225;3383;31;2420;1017;9076;22,24962431;2021
Val-de-Marne;1614;1534;33;2673;434;6288;18,31410081;2021
Val-d'Oise;1116;2655;17;1601;173;5562;18,8167314;2021
Total métropole;45307;87084;1299;60350;8602;202642;14,52321204;2021
Guadeloupe;325;881;28;2116;55;3405;41,47936995;2021
Martinique;500;780;0;813;7;2100;28,91446825;2021
Guyane;324;756;12;1914;147;3153;42,8338541;2021
La Réunion;535;1467;33;2402;12;4449;21,67684977;2021
Mayotte;198;950;2;353;3;1506;20,30497917;2021
total DROM;1882;4834;75;7598;224;14613;28,78059156;2021
France entière résidentes;47189;91918;1374;67948;8826;217255;15,02381072;2021
Résidence inconnue;;;;0;0;0;;2021
résidence à l'étranger;40;94;2;;;136;;2021
Total IVG réalisées en France;47229;92012;1376;67948;8826;217391;15,03321552;2021
Auvergne -  Rhône-Alpes;5692;9135;92;6551;1371;22841;13,16739149;2021
Bourgogne -  Franche-Comté;1430;2685;435;2181;164;6895;12,58726195;2021
Bretagne;2307;4052;22;1373;155;7909;11,69742003;2021
Centre -  Val de Loire;1845;3189;12;1309;231;6586;12,8912795;2021
Corse;105;710;49;205;43;1112;15,61841625;2021
Grand Est;2562;8959;63;1985;123;13692;11,77267693;2021
Hauts-de-France;3667;9253;54;3536;657;17167;13,14521995;2021
Ile-de-France;11344;17034;270;18577;4108;51333;17,19840228;2021
Normandie;1473;4364;32;1927;176;7972;11,81793385;2021
Nouvelle-Aquitaine;3989;6582;59;5254;641;16525;13,7149677;2021
Occitanie;3947;8316;70;7269;416;20018;16,22749952;2021
Pays de la Loire;3397;4354;28;874;27;8680;10,84135402;2021
Provence - Alpes - Côte d'Azur;3549;8451;113;9309;490;21912;21,01104633;2021
Ain;323;792;8;436;16;1575;11,29461372;2020
Aisne;260;1059;3;133;5;1460;13,73342113;2020
Allier;173;400;3;256;7;839;14,02494066;2020
Alpes-de-Haute-Provence;118;258;3;145;34;558;18,7866137;2020
Hautes-Alpes;85;105;1;265;35;491;19,00816848;2020
Alpes-Maritimes;891;1340;93;2235;127;4686;21,06370354;2020
Ardèche;197;475;1;239;37;949;15,7246773;2020
Ardennes;83;261;0;254;1;599;11,39151437;2020
Ariège;93;334;1;85;2;515;18,5826658;2020
Aube;258;579;0;101;3;941;14,87935233;2020
Aude;225;767;5;248;4;1249;17,93792816;2020
Aveyron;94;470;2;63;0;629;13,02978829;2020
Bouches-du-Rhône;1971;4016;24;3307;134;9452;21,15918864;2020
Calvados;387;827;22;376;34;1646;11,28023081;2020
Cantal;61;235;1;22;0;319;12,85409195;2020
Charente;206;452;4;336;1;999;15,30752965;2020
Charente-Maritime;331;848;8;246;4;1437;12,03144754;2020
Cher;157;470;4;66;2;699;12,72042365;2020
Corrèze;175;403;3;27;1;609;14,44428632;2020
Corse-du-Sud;90;259;4;216;0;569;17,51038621;2020
Haute-Corse;38;490;34;36;0;598;15,76921048;2020
Côte-d'Or;269;296;203;466;26;1260;10,80200609;2020
Côtes-d'Armor;272;1021;6;165;4;1468;13,44125403;2020
Creuse;78;130;0;11;0;219;11,77735951;2020
Dordogne;268;853;2;61;5;1189;16,86405219;2020
Doubs;247;577;5;629;1;1459;12,45401234;2020
Drôme;330;637;3;364;190;1524;14,70786929;2020
Eure;236;1196;14;261;14;1721;13,96416864;2020
Eure-et-Loir;178;548;1;452;12;1191;13,72530942;2020
Finistère;609;1060;9;350;7;2035;11,42103491;2020
Gard;464;997;19;1044;15;2539;17,2081927;2020
Haute-Garonne;1231;1147;19;2668;185;5250;15,459455;2020
Gers;82;185;0;109;9;385;11,54838323;2020
Gironde;1440;1248;31;2336;353;5408;14,42798945;2020
Hérault;1085;1964;14;1456;61;4580;17,57475988;2020
Ille-et-Vilaine;1001;1116;3;454;144;2718;11,06654995;2020
Indre;88;338;2;47;1;476;12,51445999;2020
Indre-et-Loire;814;464;5;145;5;1433;10,98934808;2020
Isère;1258;1318;7;608;387;3578;12,95180178;2020
Jura;104;354;1;140;0;599;12,1395132;2020
Landes;355;350;3;338;6;1052;13,46646185;2020
Loir-et-Cher;228;410;2;32;2;674;11,03001342;2020
Loire;451;814;4;522;137;1928;12,4343777;2020
Haute-Loire;75;274;4;111;2;466;11,11614704;2020
Loire-Atlantique;1757;1581;33;426;7;3804;11,85877952;2020
Loiret;504;1045;7;375;98;2029;14,20530126;2020
Lot;98;284;2;64;2;450;15,62391501;2020
Lot-et-Garonne;198;417;2;386;1;1004;16,51913521;2020
Lozère;24;153;0;32;1;210;15,21187975;2020
Maine-et-Loire;667;1022;2;62;3;1756;10,03262317;2020
Manche;183;577;4;185;6;955;10,54980502;2020
Marne;414;726;1;411;6;1558;12,66955079;2020
Haute-Marne;40;309;9;31;1;390;12,51966229;2020
Mayenne;149;338;2;17;1;507;8,606056491;2020
Meurthe-et-Moselle;443;1349;5;124;48;1969;12,16919445;2020
Meuse;47;248;1;26;1;323;9,415537094;2020
Morbihan;617;831;9;233;5;1695;11,9052636;2020
Moselle;739;1525;56;305;8;2633;12,10279794;2020
Nièvre;81;201;0;74;9;365;10,73560987;2020
Nord;2075;4113;20;1693;34;7935;13,36481827;2020
Oise;343;1457;12;592;14;2418;13,42826043;2020
Orne;92;428;7;24;0;551;11,03987177;2020
Pas-de-Calais;962;2011;8;389;449;3819;12,40656096;2020
Puy-de-Dôme;518;644;4;471;15;1652;11,83338706;2020
Pyrénées-Atlantiques;476;456;5;581;226;1744;12,83608235;2020
Hautes-Pyrénées;120;316;3;73;41;553;13,23568129;2020
Pyrénées-Orientales;342;1085;3;315;5;1750;18,97286338;2020
Bas-Rhin;373;2138;5;199;2;2717;10,56565327;2020
Haut-Rhin;273;1442;6;86;0;1807;11,36242164;2020
Rhône;2013;2094;14;1883;369;6373;14,0919192;2020
Haute-Saône;75;184;6;290;0;555;12,52086811;2020
Saône-et-Loire;348;704;2;103;2;1159;11,64437925;2020
Sarthe;466;811;4;27;3;1311;11,58055597;2020
Savoie;270;429;12;494;9;1214;13,42118646;2020
Haute-Savoie;537;1247;43;818;7;2652;14,26926512;2020
Paris;2220;2224;67;3420;950;8881;15,40249222;2020
Seine-Maritime;768;1511;22;1034;76;3411;12,73112725;2020
Seine-et-Marne;1021;2002;11;2995;105;6134;18,48202718;2020
Yvelines;791;1962;29;1351;197;4330;13,36296022;2020
Deux-Sèvres;168;507;1;92;4;772;10,90102938;2020
Somme;403;919;7;143;2;1474;11,97789696;2020
Tarn;266;636;0;140;4;1046;14,24117415;2020
Tarn-et-Garonne;160;405;0;208;4;777;15,06339421;2020
Var;797;1833;16;1554;77;4277;20,89225614;2020
Vaucluse;336;1233;13;588;7;2177;19,39956692;2020
Vendée;369;761;2;151;3;1286;9,943785907;2020
Vienne;172;499;6;328;1;1006;10,75349275;2020
Haute-Vienne;270;668;2;17;1;958;12,82755112;2020
Vosges;130;589;2;95;16;832;12,37358715;2020
Yonne;348;250;5;263;4;870;14,02230675;2020
Territoire de Belfort;69;265;1;59;0;394;13,89329666;2020
Essonne;1440;1822;15;1564;565;5406;18,08069085;2020
Hauts-de-Seine;1627;2085;38;1762;247;5759;14,31913851;2020
Seine-Saint-Denis;2314;3613;42;2075;939;8983;22,20107755;2020
Val-de-Marne;1792;1569;31;2283;409;6084;17,89738129;2020
Val-d'Oise;1219;2776;19;1455;139;5608;19,03695029;2020
Total métropole;49303;90431;1197;54227;7136;202294;14,50865065;2020
Guadeloupe;374;989;22;1731;59;3175;38,43220801;2020
Martinique;491;823;2;644;2;1962;26,48952975;2020
Guyane;396;822;6;1745;133;3102;42,16908416;2020
La Réunion;510;1774;12;2034;3;4333;21,15598695;2020
Mayotte;266;927;0;319;1;1513;21,08035055;2020
total DROM;2037;5335;42;6473;198;14085;27,79060269;2020
France entière résidentes;51340;95766;1239;60700;7334;216379;14,97451387;2020
Résidence inconnue;;;;0;0;0;;2020
résidence à l'étranger;37;127;2;;;166;;2020
Total IVG réalisées en France;51377;95893;1241;60700;7334;216545;14,9860019;2020
Auvergne -  Rhône-Alpes;6206;9359;104;6224;1176;23069;13,33897677;2020
Bourgogne -  Franche-Comté;1541;2831;223;2024;42;6661;12,08015959;2020
Bretagne;2499;4028;27;1202;160;7916;11,7208958;2020
Centre -  Val de Loire;1969;3275;21;1117;120;6502;12,64734487;2020
Corse;128;749;38;252;0;1167;16,57270261;2020
Grand Est;2800;9166;85;1632;86;13769;11,79827512;2020
Hauts-de-France;4043;9559;50;2950;504;17106;13,04823407;2020
Ile-de-France;12424;18053;252;16905;3551;51185;17,21754282;2020
Normandie;1666;4539;69;1880;130;8284;12,22690924;2020
Nouvelle-Aquitaine;4137;6831;67;4759;603;16397;13,61191958;2020
Occitanie;4284;8743;68;6505;333;19933;16,22738034;2020
Pays de la Loire;3408;4513;43;683;17;8664;10,86735654;2020
Provence - Alpes - Côte d'Azur;4198;8785;150;8094;414;21641;20,77577219;2020
Ain;410;855;17;342;11;1635;11,72681891;2019
Aisne;290;1111;10;136;5;1552;14,4643889;2019
Allier;229;350;4;279;4;866;14,29727097;2019
Alpes-de-Haute-Provence;165;307;1;150;1;624;21,0051503;2019
Hautes-Alpes;78;119;0;299;42;538;20,39501118;2019
Alpes-Maritimes;1139;1426;121;2052;117;4855;21,73027603;2019
Ardèche;249;440;5;364;36;1094;17,94678303;2019
Ardennes;101;287;0;223;0;611;11,43937692;2019
Ariège;102;324;1;197;28;652;23,42795544;2019
Aube;246;560;1;90;0;897;14,18944571;2019
Aude;253;832;3;227;4;1319;18,82242137;2019
Aveyron;128;515;2;39;1;685;14,01993491;2019
Bouches-du-Rhône;2594;4185;21;3000;145;9945;22,25653765;2019
Calvados;529;810;24;294;27;1684;11,49378216;2019
Cantal;82;191;0;9;0;282;11,27503898;2019
Charente;254;398;3;290;1;946;14,29499675;2019
Charente-Maritime;421;1023;4;215;6;1669;13,93422777;2019
Cher;169;520;2;70;1;762;13,65689297;2019
Corrèze;172;360;5;12;3;552;12,92286082;2019
Corse-du-Sud;139;303;3;142;5;592;18,3117325;2019
Haute-Corse;64;562;60;38;3;727;19,1547663;2019
Côte-d'Or;414;150;291;494;3;1352;11,55496299;2019
Côtes-d'Armor;295;1036;3;145;2;1481;13,55048264;2019
Creuse;68;108;0;6;2;184;9,727215056;2019
Dordogne;302;742;1;56;5;1106;15,46896417;2019
Doubs;299;587;47;541;2;1476;12,58998942;2019
Drôme;425;525;4;388;129;1471;14,14368678;2019
Eure;274;1222;8;243;10;1757;14,16467136;2019
Eure-et-Loir;191;595;7;527;11;1331;15,22604558;2019
Finistère;653;1113;4;249;5;2024;11,30454695;2019
Gard;666;998;11;873;3;2551;17,17220674;2019
Haute-Garonne;1498;1544;14;2195;210;5461;16,25989632;2019
Gers;140;168;1;80;25;414;12,31153537;2019
Gironde;1723;1460;21;1921;519;5644;15,14944102;2019
Hérault;1350;2060;52;1150;30;4642;17,93572966;2019
Ille-et-Vilaine;1235;1101;2;360;103;2801;11,46118908;2019
Indre;88;372;4;43;4;511;13,20174645;2019
Indre-et-Loire;774;458;3;165;2;1402;10,7589594;2019
Isère;1481;1098;14;718;303;3614;13,04034062;2019
Jura;117;364;8;74;1;564;11,32621094;2019
Landes;380;400;2;269;9;1060;13,57947194;2019
Loir-et-Cher;235;438;7;35;2;717;11,6196156;2019
Loire;573;862;4;438;116;1993;12,82637097;2019
Haute-Loire;107;260;0;79;1;447;10,55489965;2019
Loire-Atlantique;1940;1620;23;311;4;3898;12,24011731;2019
Loiret;533;1231;10;294;108;2176;15,20838138;2019
Lot;137;283;0;48;3;471;16,19725575;2019
Lot-et-Garonne;238;536;0;240;6;1020;16,52357039;2019
Lozère;26;133;0;20;1;180;12,86725284;2019
Maine-et-Loire;823;951;2;44;7;1827;10,43660065;2019
Manche;258;616;2;97;5;978;10,70877178;2019
Marne;534;859;3;223;8;1627;13,16779838;2019
Haute-Marne;35;330;6;28;0;399;12,62418528;2019
Mayenne;180;358;2;11;4;555;9,293369056;2019
Meurthe-et-Moselle;555;1226;5;146;83;2015;12,40603124;2019
Meuse;79;289;2;23;3;396;11,36983548;2019
Morbihan;722;801;5;214;3;1745;12,2479347;2019
Moselle;864;1646;47;265;9;2831;12,9558695;2019
Nièvre;136;184;1;74;88;483;13,95308528;2019
Nord;2592;4028;49;1463;23;8155;13,71272719;2019
Oise;430;1430;12;600;12;2484;13,73240605;2019
Orne;108;480;2;21;0;611;12,01053625;2019
Pas-de-Calais;1257;2216;17;265;376;4131;13,37551158;2019
Puy-de-Dôme;702;660;0;333;14;1709;12,21089335;2019
Pyrénées-Atlantiques;621;471;0;511;198;1801;13,26986981;2019
Hautes-Pyrénées;159;363;0;105;15;642;15,32585343;2019
Pyrénées-Orientales;437;1119;3;304;5;1868;20,21470003;2019
Bas-Rhin;410;2273;4;166;2;2855;11,11864037;2019
Haut-Rhin;345;1500;14;72;1;1932;12,04030886;2019
Rhône;2329;2487;17;1462;114;6409;14,18149391;2019
Haute-Saône;112;198;28;213;2;553;12,30556977;2019
Saône-et-Loire;400;702;8;77;4;1191;11,80610626;2019
Sarthe;558;802;2;20;1;1383;12,17954928;2019
Savoie;349;439;3;458;7;1256;13,88597141;2019
Haute-Savoie;650;1171;52;733;5;2611;14,16243132;2019
Paris;2680;2379;93;3386;971;9509;16,3464084;2019
Seine-Maritime;941;1567;17;944;74;3543;13,11551873;2019
Seine-et-Marne;1372;1906;19;2830;78;6205;18,69843241;2019
Yvelines;1122;2194;36;1279;84;4715;14,52069391;2019
Deux-Sèvres;184;470;0;63;2;719;10,03503189;2019
Somme;522;878;4;131;6;1541;12,44518385;2019
Tarn;376;603;5;115;5;1104;14,9003941;2019
Tarn-et-Garonne;204;470;2;181;7;864;16,73705009;2019
Var;1081;2103;59;1374;1;4618;22,54090359;2019
Vaucluse;478;1266;9;490;2;2245;19,82147429;2019
Vendée;491;685;3;116;2;1297;10,03590331;2019
Vienne;231;609;4;243;3;1090;11,64131921;2019
Haute-Vienne;346;610;2;17;0;975;12,95870493;2019
Vosges;171;713;3;44;16;947;13,8076839;2019
Yonne;413;357;1;219;1;991;15,67269219;2019
Territoire de Belfort;82;313;0;34;1;430;14,88816564;2019
Essonne;1788;1893;34;1582;473;5770;19,2855973;2019
Hauts-de-Seine;1984;1983;44;1715;192;5918;14,69514648;2019
Seine-Saint-Denis;3000;3339;68;2107;1069;9583;23,81301453;2019
Val-de-Marne;2153;1534;37;2490;344;6558;19,23195355;2019
Val-d'Oise;1519;2717;16;1438;106;5796;19,63647451;2019
Total métropole;60759;93130;1570;49156;6485;211100;15,10220098;2019
Guadeloupe;450;919;6;1648;14;3037;36,19138414;2019
Martinique;635;985;3;483;5;2111;27,9063004;2019
Guyane;465;698;6;1481;241;2891;39,59243485;2019
La Réunion;732;1978;39;1676;7;4432;21,48650549;2019
Mayotte;450;682;0;297;0;1429;20,65805071;2019
total DROM;2732;5262;54;5585;267;13900;27,36096594;2019
France entière résidentes;63491;98392;1624;54741;6752;225000;15,5321115;2019
Résidence inconnue;;;;166;9;175;;2019
résidence à l'étranger;80;148;3;;;231;;2019
Total IVG réalisées en France;63571;98540;1627;54907;6761;225406;15,56013833;2019
Auvergne -  Rhône-Alpes;7585;9338;121;5603;740;23387;13,50649741;2019
Bourgogne -  Franche-Comté;1973;2855;384;1726;102;7040;12,64853949;2019
Bretagne;2905;4051;14;968;113;8051;11,92385675;2019
Centre -  Val de Loire;1990;3614;33;1134;128;6899;13,34393266;2019
Corse;203;865;63;180;8;1319;18,7669849;2019
Grand Est;3341;9682;85;1280;122;14510;12,3660276;2019
Hauts-de-France;5091;9663;92;2595;422;17863;13,57826869;2019
Ile-de-France;15617;17945;347;16827;3317;54053;18,14611089;2019
Normandie;2110;4696;53;1599;116;8574;12,55542604;2019
Nouvelle-Aquitaine;4939;7190;41;3843;754;16767;13,88378263;2019
Occitanie;5476;9413;93;5534;337;20853;16,99932176;2019
Pays de la Loire;3991;4417;32;502;18;8960;11,25592789;2019
Provence - Alpes - Côte d'Azur;5534;9406;211;7365;308;22824;21,85212667;2019
Ain;395;766;3;366;11;1541;11,06380535;2018
Aisne;362;983;1;200;6;1552;14,37835835;2018
Allier;232;380;2;283;5;902;14,82699104;2018
Alpes-de-Haute-Provence;155;297;1;150;7;610;20,38088874;2018
Hautes-Alpes;120;114;2;338;39;613;23,22145617;2018
Alpes-Maritimes;1183;1472;132;1862;90;4739;21,27287092;2018
Ardèche;225;478;0;430;54;1187;19,49577072;2018
Ardennes;148;235;0;140;2;525;9,748941543;2018
Ariège;83;288;0;289;44;704;25,36388529;2018
Aube;215;619;22;81;3;940;14,80897991;2018
Aude;295;893;1;161;5;1355;19,29842052;2018
Aveyron;110;478;3;48;1;640;13,07189542;2018
Bouches-du-Rhône;2472;3986;13;3155;138;9764;21,80763982;2018
Calvados;504;869;17;268;32;1690;11,52403682;2018
Cantal;101;198;0;10;3;312;12,4263183;2018
Charente;254;431;3;261;2;951;14,34843616;2018
Charente-Maritime;374;1024;0;207;0;1605;13,47550481;2018
Cher;166;561;1;32;4;764;13,60205099;2018
Corrèze;163;388;0;11;3;565;13,12854354;2018
Corse-du-Sud;129;308;10;144;2;593;18,09747612;2018
Haute-Corse;66;368;159;37;1;631;16,56776768;2018
Côte-d'Or;431;170;240;429;2;1272;10,86093394;2018
Côtes-d'Armor;280;981;0;108;7;1376;12,60188662;2018
Creuse;75;115;0;8;1;199;10,40686121;2018
Dordogne;355;730;1;46;7;1139;15,87611335;2018
Doubs;330;628;2;462;2;1424;12,16657268;2018
Drôme;434;526;0;344;106;1410;13,56290881;2018
Eure;245;1216;3;207;6;1677;13,44245475;2018
Eure-et-Loir;174;543;7;534;13;1271;14,51758444;2018
Finistère;609;1201;0;184;8;2002;11,18885809;2018
Gard;732;1095;1;715;7;2550;17,14009168;2018
Haute-Garonne;1451;1486;16;1960;186;5099;15,2790929;2018
Gers;106;229;0;62;21;418;12,39326376;2018
Gironde;1846;1444;3;1777;507;5577;15,09189903;2018
Hérault;1379;2308;2;797;14;4500;17,54796444;2018
Ille-et-Vilaine;1169;1153;2;307;106;2737;11,28487612;2018
Indre;87;347;0;32;1;467;11,95872065;2018
Indre-et-Loire;822;447;2;179;4;1454;11,14765662;2018
Isère;1482;1011;9;755;406;3663;13,20871061;2018
Jura;141;368;1;61;0;571;11,39515855;2018
Landes;391;414;0;225;8;1038;13,33658825;2018
Loir-et-Cher;204;461;1;30;2;698;11,28737528;2018
Loire;629;828;0;297;110;1864;11,99647314;2018
Haute-Loire;121;284;0;61;3;469;11,06863023;2018
Loire-Atlantique;1936;1440;14;311;7;3708;11,74071635;2018
Loiret;523;1308;4;255;111;2201;15,34118631;2018
Lot;111;327;1;12;4;455;15,64918315;2018
Lot-et-Garonne;240;608;1;139;11;999;16,12174418;2018
Lozère;34;113;0;17;2;166;11,83010262;2018
Maine-et-Loire;728;909;0;26;0;1663;9,539269899;2018
Manche;248;591;1;78;2;920;10,02255074;2018
Marne;458;837;2;196;5;1498;12,06303702;2018
Haute-Marne;43;321;4;8;2;378;11,81286915;2018
Mayenne;184;377;0;11;1;573;9,600241263;2018
Meurthe-et-Moselle;545;1290;4;122;73;2034;12,45720515;2018
Meuse;60;290;0;32;4;386;10,97713571;2018
Morbihan;729;814;0;156;4;1703;12,01207556;2018
Moselle;749;1634;9;275;3;2670;12,15769486;2018
Nièvre;140;192;0;66;76;474;13,59724613;2018
Nord;2719;3990;87;1192;17;8005;13,42888729;2018
Oise;452;1335;18;518;10;2333;12,84861435;2018
Orne;120;455;5;10;0;590;11,53357443;2018
Pas-de-Calais;1242;2243;11;223;171;3890;12,53342784;2018
Puy-de-Dôme;810;703;3;173;17;1706;12,18832607;2018
Pyrénées-Atlantiques;680;507;1;381;165;1734;12,79110082;2018
Hautes-Pyrénées;156;340;1;115;5;617;14,71324669;2018
Pyrénées-Orientales;451;1148;0;231;6;1836;19,91625626;2018
Bas-Rhin;423;2219;1;163;3;2809;10,93361981;2018
Haut-Rhin;327;1447;1;91;1;1867;11,58591074;2018
Rhône;2516;2640;5;1118;83;6362;14,13030442;2018
Haute-Saône;93;385;1;86;0;565;12,48618785;2018
Saône-et-Loire;401;624;1;59;0;1085;10,70811744;2018
Sarthe;553;651;0;25;1;1230;10,85124966;2018
Savoie;336;472;1;400;10;1219;13,47959263;2018
Haute-Savoie;648;1196;46;665;3;2558;13,90527237;2018
Paris;2823;2680;29;3193;843;9568;16,26488922;2018
Seine-Maritime;1028;1491;31;865;67;3482;12,82925158;2018
Seine-et-Marne;1366;1888;7;2863;64;6188;18,64175476;2018
Yvelines;1101;1898;365;1057;30;4451;13,70567441;2018
Deux-Sèvres;215;507;0;31;1;754;10,51398611;2018
Somme;494;940;0;105;1;1540;12,39147402;2018
Tarn;333;664;1;96;5;1099;14,85275634;2018
Tarn-et-Garonne;228;501;0;168;3;900;17,5733198;2018
Var;1129;1986;396;1024;7;4542;22,20679405;2018
Vaucluse;487;1180;3;533;6;2209;19,40647292;2018
Vendée;458;762;0;58;0;1278;9,965844757;2018
Vienne;227;601;1;152;1;982;10,47354949;2018
Haute-Vienne;343;586;0;12;0;941;12,42457451;2018
Vosges;180;688;3;29;1;901;13,0319072;2018
Yonne;410;349;0;208;4;971;15,20989975;2018
Territoire de Belfort;90;296;0;22;0;408;14,02206413;2018
Essonne;1762;1846;19;1441;446;5514;18,32453773;2018
Hauts-de-Seine;2012;2143;40;1449;132;5776;14,25373926;2018
Seine-Saint-Denis;2996;3186;30;2127;1157;9496;23,54767437;2018
Val-de-Marne;2106;1178;126;2419;317;6146;18,00571871;2018
Val-d'Oise;1612;2493;29;1434;105;5673;19,24668874;2018
Total métropole;61300;92390;1962;44493;5966;206111;14,73118558;2018
Guadeloupe;439;1050;2;1632;5;3128;36,50964097;2018
Martinique;683;974;2;458;3;2120;27,32381296;2018
Guyane;430;729;63;1204;114;2540;35,50709443;2018
La Réunion;835;2039;12;1641;6;4533;21,83673273;2018
Mayotte;515;804;0;247;2;1568;23,53647553;2018
total DROM;2902;5596;79;5182;130;13889;27,28656889;2018
France entière résidentes;64202;97986;2041;49675;6096;220000;15,1719126;2018
Résidence inconnue;;;;309;30;339;;2018
résidence à l'étranger;91;192;1;;;284;;2018
Total IVG réalisées en France;64293;98178;2042;49984;6126;220623;15,21487669;2018
Auvergne -  Rhône-Alpes;7928;9482;70;4902;811;23193;13,40838126;2018
Bourgogne -  Franche-Comté;2036;3012;245;1393;84;6770;12,11871688;2018
Bretagne;2787;4149;2;755;125;7818;11,62650629;2018
Centre -  Val de Loire;1976;3667;15;1062;135;6855;13,22062533;2018
Corse;195;676;169;181;3;1224;17,27520359;2018
Grand Est;3147;9582;45;1137;97;14008;11,88367437;2018
Hauts-de-France;5269;9491;117;2238;205;17320;13,11854866;2018
Ile-de-France;15777;17313;645;15983;3094;52812;17,66021836;2018
Normandie;2145;4622;57;1428;107;8359;12,18934238;2018
Nouvelle-Aquitaine;5163;7355;10;3250;706;16484;13,67521935;2018
Occitanie;5469;9870;26;4671;303;20339;16,64361759;2018
Pays de la Loire;3859;4139;14;431;9;8452;10,67938961;2018
Provence - Alpes - Côte d'Azur;5546;9035;547;7062;287;22477;21,50511915;2018
Ain;362;831;7;264;11;1475;10,57810225;2017
Aisne;364;1013;4;221;7;1609;14,76607382;2017
Allier;266;377;5;197;3;848;13,76221234;2017
Alpes-de-Haute-Provence;164;332;1;101;2;600;19,85571514;2017
Hautes-Alpes;96;114;0;282;32;524;19,40453266;2017
Alpes-Maritimes;1358;1339;122;1769;57;4645;20,76339563;2017
Ardèche;248;439;1;334;44;1066;17,36835245;2017
Ardennes;154;337;1;91;2;585;10,66370149;2017
Ariège;82;338;2;191;39;652;23,37587839;2017
Aube;240;514;43;105;2;904;14,13648589;2017
Aude;329;886;1;98;2;1316;18,63230922;2017
Aveyron;132;448;5;38;0;623;12,59858443;2017
Bouches-du-Rhône;2699;4113;10;2570;160;9552;21,37563106;2017
Calvados;506;821;33;226;46;1632;11,09630395;2017
Cantal;105;195;0;1;0;301;11,9264601;2017
Charente;250;451;0;208;5;914;13,65585454;2017
Charente-Maritime;427;980;0;157;3;1567;13,08362835;2017
Cher;177;509;2;33;5;726;12,81711774;2017
Corrèze;169;347;1;4;1;522;12,01878799;2017
Corse-du-Sud;120;234;4;125;30;513;15,58559927;2017
Haute-Corse;101;380;157;31;1;670;17,77046919;2017
Côte-d'Or;496;236;209;331;0;1272;10,78185394;2017
Côtes-d'Armor;327;971;0;76;2;1376;12,53084902;2017
Creuse;83;109;0;3;0;195;10,02931646;2017
Dordogne;394;655;0;49;6;1104;15,21814046;2017
Doubs;311;657;2;398;2;1370;11,70700027;2017
Drôme;460;507;1;330;78;1376;13,29442909;2017
Eure;315;1227;0;183;12;1737;13,76288537;2017
Eure-et-Loir;204;579;4;482;4;1273;14,40485216;2017
Finistère;555;1088;4;155;3;1805;10,06277387;2017
Gard;747;1126;3;576;4;2456;16,36438747;2017
Haute-Garonne;1484;1624;14;1640;153;4915;14,8190359;2017
Gers;125;197;1;53;13;389;11,49527187;2017
Gironde;1850;1476;7;1607;399;5339;14,59197674;2017
Hérault;1405;2317;0;622;10;4354;17,09985783;2017
Ille-et-Vilaine;1075;1141;2;263;87;2568;10,64906199;2017
Indre;107;322;0;24;1;454;11,43001007;2017
Indre-et-Loire;721;413;4;162;6;1306;10,00750946;2017
Isère;1465;935;15;673;282;3370;12,18352657;2017
Jura;167;363;1;27;0;558;11,05410171;2017
Landes;408;406;1;155;12;982;12,5976575;2017
Loir-et-Cher;182;423;0;27;3;635;10,09571052;2017
Loire;595;838;6;253;83;1775;11,33844788;2017
Haute-Loire;128;267;0;56;5;456;10,69744528;2017
Loire-Atlantique;1909;1386;4;190;5;3494;11,19197407;2017
Loiret;413;1298;3;202;142;2058;14,28928512;2017
Lot;158;239;5;19;2;423;14,36820652;2017
Lot-et-Garonne;232;551;1;191;3;978;15,67433288;2017
Lozère;34;154;1;8;0;197;13,70625478;2017
Maine-et-Loire;646;914;0;20;1;1581;9,104730313;2017
Manche;208;607;2;76;3;896;9,647271631;2017
Marne;516;869;3;92;3;1483;11,83011854;2017
Haute-Marne;51;285;5;16;0;357;10,97515986;2017
Mayenne;170;371;2;6;2;551;9,183639455;2017
Meurthe-et-Moselle;523;1278;1;84;104;1990;12,19168515;2017
Meuse;75;288;1;20;3;387;10,74075102;2017
Morbihan;675;815;0;126;8;1624;11,39465209;2017
Moselle;712;1600;7;242;8;2569;11,64778266;2017
Nièvre;160;182;1;97;25;465;13,14747795;2017
Nord;2801;4111;38;954;7;7911;13,2553861;2017
Oise;464;1400;30;553;10;2457;13,52928868;2017
Orne;124;366;2;16;2;510;9,820156352;2017
Pas-de-Calais;1211;2255;2;160;1;3629;11,61224261;2017
Puy-de-Dôme;911;620;1;107;5;1644;11,83806904;2017
Pyrénées-Atlantiques;743;549;1;243;152;1688;12,42181176;2017
Hautes-Pyrénées;143;303;10;115;6;577;13,75840526;2017
Pyrénées-Orientales;423;1187;1;154;2;1767;19,12648157;2017
Bas-Rhin;409;2198;0;139;5;2751;10,73770492;2017
Haut-Rhin;338;1361;2;70;1;1772;10,89811005;2017
Rhône;2618;2667;1;768;92;6146;13,78091794;2017
Haute-Saône;127;184;3;214;2;530;11,65065617;2017
Saône-et-Loire;429;643;2;32;2;1108;10,8435032;2017
Sarthe;499;608;1;19;2;1129;9,864483491;2017
Savoie;342;465;1;335;23;1166;12,89395112;2017
Haute-Savoie;629;1168;44;667;5;2513;13,70714812;2017
Paris;3128;2738;46;2883;883;9678;16,34963003;2017
Seine-Maritime;1059;1583;35;764;44;3485;12,79880716;2017
Seine-et-Marne;1371;1944;100;2568;54;6037;18,18740529;2017
Yvelines;1099;2138;15;951;33;4236;13,04195223;2017
Deux-Sèvres;206;413;0;20;1;640;8,881241153;2017
Somme;415;946;0;58;2;1421;11,36336375;2017
Tarn;346;591;1;64;6;1008;13,54037935;2017
Tarn-et-Garonne;250;495;1;99;4;849;16,53294906;2017
Var;1276;2049;149;636;2;4112;20,03429997;2017
Vaucluse;557;1072;4;491;4;2128;18,48682553;2017
Vendée;440;740;3;25;2;1210;9,417734918;2017
Vienne;262;542;4;152;1;961;10,26786191;2017
Haute-Vienne;350;516;1;15;0;882;11,5865113;2017
Vosges;196;674;2;39;2;913;13,04062161;2017
Yonne;419;351;3;189;1;963;14,95597074;2017
Territoire de Belfort;79;319;0;12;0;410;13,85322341;2017
Essonne;1756;1846;19;1447;401;5469;18,09866403;2017
Hauts-de-Seine;2237;2252;27;1282;118;5916;14,6931355;2017
Seine-Saint-Denis;3145;2994;18;1842;1098;9097;22,72295826;2017
Val-de-Marne;2219;1272;45;2107;294;5937;17,49727388;2017
Val-d'Oise;1584;2259;25;1292;113;5273;17,95632319;2017
Total métropole;63040;91531;1346;38062;5306;199285;14,22628593;2017
Guadeloupe;369;1064;4;1427;5;2869;32,60857211;2017
Martinique;768;1055;2;255;3;2083;26,14206827;2017
Guyane;408;839;71;945;5;2268;32,87147081;2017
La Réunion;1014;1943;9;1347;1;4314;20,5949329;2017
Mayotte;549;721;0;277;1;1548;24,11665732;2017
total DROM;3108;5622;86;4251;15;13082;25,63509669;2017
France entière résidentes;66148;97153;1432;42313;5321;212367;14,62729724;2017
Résidence inconnue;;;;739;54;793;;2017
résidence à l'étranger;85;155;2;;;242;;2017
Total IVG réalisées en France;66233;97308;1434;43052;5375;213402;14,69858539;2017
Auvergne -  Rhône-Alpes;8129;9309;82;3985;631;22136;12,82823974;2017
Bourgogne -  Franche-Comté;2189;2934;221;1300;32;6676;11,86836005;2017
Bretagne;2632;4015;6;620;100;7373;10,95780065;2017
Centre -  Val de Loire;1804;3544;13;930;161;6452;12,35636586;2017
Corse;221;614;161;156;31;1183;16,75210286;2017
Grand Est;3214;9405;64;898;130;13711;11,5673795;2017
Hauts-de-France;5254;9726;74;1946;27;17027;12,85103158;2017
Ile-de-France;16539;17443;295;14372;2994;51643;17,2904343;2017
Normandie;2211;4605;72;1265;107;8260;11,96432141;2017
Nouvelle-Aquitaine;5373;6996;16;2804;583;15772;13,07773758;2017
Occitanie;5658;9905;45;3677;241;19526;15,97720675;2017
Pays de la Loire;3663;4020;10;260;12;7965;10,0980775;2017
Provence - Alpes - Côte d'Azur;6148;9021;286;5849;257;21561;20,57045053;2017
Ain;449;857;5;184;11;1506;10,81725589;2016
Aisne;354;1007;2;215;5;1583;14,32656977;2016
Allier;334;363;6;139;4;846;13,54206685;2016
Alpes-de-Haute-Provence;156;266;3;128;4;557;18,39133593;2016
Hautes-Alpes;97;132;0;245;81;555;20,28953718;2016
Alpes-Maritimes;1544;1134;163;1673;64;4578;20,28868611;2016
Ardèche;284;386;0;353;34;1057;17,13211339;2016
Ardennes;237;278;0;62;1;578;10,35805168;2016
Ariège;119;338;0;157;31;645;22,85532051;2016
Aube;247;489;73;91;2;902;14,0928692;2016
Aude;356;874;3;63;2;1298;18,28967577;2016
Aveyron;131;390;1;75;2;599;11,98767211;2016
Bouches-du-Rhône;3157;3776;20;2329;215;9497;21,10758713;2016
Calvados;527;812;49;210;44;1642;11,08972411;2016
Cantal;112;192;0;2;1;307;11,91631409;2016
Charente;325;383;0;183;3;894;13,23934484;2016
Charente-Maritime;460;953;3;148;1;1565;12,94040797;2016
Cher;204;489;5;38;2;738;12,76661996;2016
Corrèze;215;328;0;14;0;557;12,65822785;2016
Corse-du-Sud;115;232;17;136;16;516;15,81609195;2016
Haute-Corse;101;372;177;18;2;670;17,85048223;2016
Côte-d'Or;538;222;174;224;1;1159;9,774074668;2016
Côtes-d'Armor;366;923;1;32;1;1323;11,94895277;2016
Creuse;78;116;2;6;0;202;10,22681247;2016
Dordogne;375;686;1;56;6;1124;15,29605487;2016
Doubs;324;686;6;369;3;1388;11,76022029;2016
Drôme;500;540;1;306;31;1378;13,34753971;2016
Eure;425;1098;3;179;3;1708;13,4268285;2016
Eure-et-Loir;228;495;14;456;7;1200;13,43905389;2016
Finistère;690;1022;4;116;0;1832;10,16524065;2016
Gard;795;1197;3;492;2;2489;16,50235037;2016
Haute-Garonne;1632;1683;26;1432;115;4888;14,78787805;2016
Gers;118;200;3;35;22;378;11,09350238;2016
Gironde;2091;1500;4;1257;342;5194;14,27479951;2016
Hérault;1582;2310;9;450;6;4357;17,18839379;2016
Ille-et-Vilaine;1260;1044;2;274;56;2636;10,95516942;2016
Indre;122;333;0;17;0;472;11,63019909;2016
Indre-et-Loire;745;383;0;125;3;1256;9,560273107;2016
Isère;1592;949;22;588;235;3386;12,2236502;2016
Jura;237;358;1;37;1;634;12,39104093;2016
Landes;429;433;1;109;7;979;12,52767221;2016
Loir-et-Cher;210;462;7;24;3;706;11,06010997;2016
Loire;591;846;3;251;63;1754;11,16443675;2016
Haute-Loire;146;247;0;41;2;436;10,11976604;2016
Loire-Atlantique;1865;1343;6;203;2;3419;10,99912174;2016
Loiret;434;1327;3;184;93;2041;14,22210454;2016
Lot;157;254;0;21;2;434;14,64435146;2016
Lot-et-Garonne;274;503;2;163;2;944;14,97153189;2016
Lozère;48;129;0;7;1;185;12,79568405;2016
Maine-et-Loire;713;951;1;19;5;1689;9,685410526;2016
Manche;257;561;6;59;1;884;9,371852637;2016
Marne;567;864;0;126;2;1559;12,33659355;2016
Haute-Marne;72;291;3;6;3;375;11,1823468;2016
Mayenne;196;360;1;8;1;566;9,336082474;2016
Meurthe-et-Moselle;613;1210;2;64;106;1995;12,14730202;2016
Meuse;94;263;1;28;3;389;10,61130964;2016
Morbihan;677;793;12;97;4;1583;11,05014799;2016
Moselle;840;1579;9;290;5;2723;12,19747092;2016
Nièvre;168;224;0;74;1;467;12,93019908;2016
Nord;2891;4127;83;737;6;7844;13,07183007;2016
Oise;572;1416;28;423;4;2443;13,38050926;2016
Orne;131;369;3;14;1;518;9,801139051;2016
Pas-de-Calais;1486;2316;4;135;2;3943;12,51777823;2016
Puy-de-Dôme;924;654;7;52;6;1643;11,81351472;2016
Pyrénées-Atlantiques;748;628;0;175;180;1731;12,69340764;2016
Hautes-Pyrénées;144;308;30;104;6;592;14,11338387;2016
Pyrénées-Orientales;475;1223;4;130;2;1834;19,6519652;2016
Bas-Rhin;407;2147;1;151;9;2715;10,55393586;2016
Haut-Rhin;355;1385;3;63;0;1806;11,03493786;2016
Rhône;2778;2439;5;666;89;5977;13,422653;2016
Haute-Saône;162;199;1;196;0;558;12,14654215;2016
Saône-et-Loire;474;559;2;21;1;1057;10,19050557;2016
Sarthe;533;667;0;11;3;1214;10,51829004;2016
Savoie;400;461;2;348;7;1218;13,42873838;2016
Haute-Savoie;651;1082;31;567;6;2337;12,72473837;2016
Paris;3126;2794;45;2672;939;9576;16,12509409;2016
Seine-Maritime;1179;1546;27;652;28;3432;12,50264115;2016
Seine-et-Marne;1409;1761;185;2269;54;5678;17,07417554;2016
Yvelines;1227;2150;37;807;33;4254;13,08017526;2016
Deux-Sèvres;232;403;3;15;1;654;8,986726029;2016
Somme;449;1041;2;53;1;1546;12,30480253;2016
Tarn;394;596;5;41;6;1042;13,92657142;2016
Tarn-et-Garonne;294;481;6;55;2;838;16,30191616;2016
Var;1332;2101;11;587;5;4036;19,598988;2016
Vaucluse;624;1146;1;423;6;2200;18,91740832;2016
Vendée;379;791;1;15;1;1187;9,228879317;2016
Vienne;322;600;0;131;1;1054;11,23200375;2016
Haute-Vienne;355;543;0;4;0;902;11,77284415;2016
Vosges;210;601;0;23;6;840;11,77097054;2016
Yonne;415;311;2;164;1;893;13,61197488;2016
Territoire de Belfort;64;322;2;7;0;395;13,08770418;2016
Essonne;1832;1672;36;1375;337;5252;17,35320648;2016
Hauts-de-Seine;2441;2165;32;1177;91;5906;14,67821505;2016
Seine-Saint-Denis;3472;2797;31;1782;369;8451;21,32039629;2016
Val-de-Marne;2285;1129;20;1929;250;5613;16,62003109;2016
Val-d'Oise;1719;2070;36;1290;91;5206;17,75258906;2016
Total métropole;68464;89436;1546;33952;4209;197607;14,05328353;2016
Guadeloupe;605;1110;2;1295;7;3019;33,44263021;2016
Martinique;802;1172;2;206;3;2185;26,58247868;2016
Guyane;441;761;75;672;400;2349;34,08250025;2016
La Réunion;1189;1953;17;1109;1;4269;20,20761442;2016
Mayotte;600;786;1;194;0;1581;25,56763051;2016
total DROM;3637;5782;97;3476;411;13403;26,05129401;2016
France entière résidentes;72101;95218;1643;37428;4620;211010;14,4767811;2016
Résidence inconnue;;;;955;64;1019;;2016
résidence à l'étranger;90;149;1;;;240;;2016
Total IVG réalisées en France;72191;95367;1644;38383;4684;212269;14,56315742;2016
Auvergne -  Rhône-Alpes;8761;9016;82;3497;489;21845;12,63946371;2016
Bourgogne -  Franche-Comté;2382;2881;188;1092;8;6551;11,5064066;2016
Bretagne;2993;3782;19;519;61;7374;10,92742318;2016
Centre -  Val de Loire;1943;3489;29;844;108;6413;12,18270447;2016
Corse;216;604;194;154;18;1186;16,90445987;2016
Grand Est;3643;9108;90;904;137;13882;11,60582984;2016
Hauts-de-France;5752;9907;119;1563;18;17359;13,01492904;2016
Ile-de-France;17513;16536;422;13301;2164;49936;16,73453959;2016
Normandie;2519;4386;88;1114;77;8184;11,74257588;2016
Nouvelle-Aquitaine;5904;7076;16;2261;543;15800;13,05395663;2016
Occitanie;6245;9983;90;3062;199;19579;16,00016344;2016
Pays de la Loire;3686;4112;9;256;12;8075;10,22294244;2016
Provence - Alpes - Côte d'Azur;6910;8557;196;5385;375;21423;20,29769575;2016
;;;;;;;;
;;;;;;;;
;;;;;;;;
;;;;;;;;
;;;;;;;;
;;;;;;;;
;;;;;;;;
;;;;;;;;
;;;;;;;;
;;;;;;;;
;;;;;;;;
;;;;;;;;
;;;;;;;;
;;;;;;;;
;;;;;;;;
;;;;;;;;
;;;;;;;;
;;;;;;;;
;;;;;;;;
;;;;;;;;
;;;;;;;;
;;;;;;;;
;;;;;;;;
;;;;;;;;
;;;;;;;;
;;;;;;;;
;;;;;;;;
;;;;;;;;
;;;;;;;;
;;;;;;;;
;;;;;;;;
;;;;;;;;
;;;;;;;;
;;;;;;;;
;;;;;;;;
;;;;;;;;
;;;;;;;;
;;;;;;;;
;;;;;;;;
;;;;;;;;
;;;;;;;;
